id,visivel,name,role,category,level,image,lattesUrl,bioShort,highlights,disciplines
adriano-simoes,true,Prof. Dr. Adriano do Nascimento Simões,Coordenador & Líder do NEFP,doutorado,Professor Associado IV & Bolsista Produtividade CNPq Nível 2,/images/team/adriano_001.png,http://lattes.cnpq.br/1895049701533568,Doutor em Fisiologia Vegetal (UFV/CEBAS-CSIC Espanha - Conceito CAPES 7). Ex-coordenador do Mestrado e Doutorado em Produção Vegetal (UAST/UFRPE). Editor Científico de periódicos de renome.,"Bolsista de Produtividade em Pesquisa do CNPq - Nível 2; Doutorado em Ciências Agrárias / Fisiologia Vegetal pela Universidade Federal de Viçosa (UFV) com período sanduíche no CEBAS/CSIC (Espanha); Mestrado em Fisiologia Vegetal pela UFV / FAPEMIG; Graduação em Engenharia Agronômica pela UFERSA; Orientou mais de 22 mestres, 10 doutores e 5 pós-doutores; Autor de mais de 80 artigos científicos, capítulos de livros e trabalhos internacionais; Editor Científico da revista Horticultura Brasileira desde 2012, Editor de Área da revista Caatinga e revisor de periódicos de ponta; Ex-Presidente da Sociedade Científica do Semiárido Brasileiro (2018–2022)","Fisiologia Vegetal (Agronomia, Biologia, Zootecnia); Fisiologia de Plantas Adaptadas ao Semiárido (Pós-Graduação); Tecnologia Pós-Colheita e Métodos Laboratoriais"
valecia-silva,true,Dra. Valécia Nogueira Santos e Silva,Pesquisadora de Pós-Doutorado / Colaboradora,doutorado,Doutora em Fitotecnia (UFERSA) — Bolsista PDCTR/CNPq/FACEPE na UFRPE/UAST,/images/team/valecia_041.png,http://lattes.cnpq.br/1242213075008142,"Engenheira Agrônoma pela UFRPE/UAST, com Mestrado e Doutorado em Fitotecnia pela UFERSA. Atualmente pesquisadora de Pós-Doutorado na UFRPE/UAST, com experiência em fisiologia vegetal, pós-colheita, bioquímica vegetal e tecnologia de alimentos de origem vegetal.","Doutorado em Fitotecnia pela UFERSA (2020–2023), com tese sobre adubação fosfatada e melatonina na agregação de valor em batata-doce; Mestrado em Fitotecnia pela UFERSA (2018–2019), com pesquisa sobre época de colheita e compostos bioativos em batata-doce minimamente processada; Graduação em Agronomia pela UFRPE/UAST (2009–2015), orientada pelo Prof. Dr. Adriano do Nascimento Simões; Bolsista de Pós-Doutorado PDCTR/CNPq/FACEPE na UFRPE/UAST; Experiência em fisiologia vegetal, pós-colheita, bioquímica vegetal e práticas culturais","Bioquímica Vegetal; Tecnologia Pós-Colheita; Práticas Culturais em Olerícolas"
fred-brito,true,Dr. Fred Augusto Lourêdo de Brito,Pesquisador Colaborador (Pós-Doutor),doutorado,Doutor em Ciências Agrárias / Fisiologia Vegetal (UFV),/images/team/fred_016.png,http://lattes.cnpq.br/1051058834812932,"Engenheiro Agrônomo pela UFRPE/UAST e Doutor em Ciências Agrárias (Fisiologia Vegetal) pela UFV. Realizou pós-doutorado pelo NEFP, atuando em fisiologia vegetal, pós-colheita, biofilmes e estresses abióticos.","Doutorado em Ciências Agrárias (Fisiologia Vegetal) pela UFV (2016–2020), sobre estresse salino em tomateiro associado a plantas hiperacumuladoras; Mestrado em Ciências Agrárias (Fisiologia Vegetal) pela UFV (2014–2016), sobre salinidade e CO2 em plantas de tomate; Graduação em Agronomia pela UFRPE/UAST (2008–2014), orientado pelo Prof. Dr. Adriano do Nascimento Simões; Pós-doutorado pelo NEFP, com pesquisas em biofilmes e biorevestimentos comestíveis; Colaborador do NEFP em projetos de pesquisa, publicações e orientação acadêmica","Fisiologia Vegetal; Estresses Abióticos; Biofilmes e Biorevestimentos Comestíveis"
igor-rocha,true,Dr. Igor Tenório Marinho da Rocha,Docente Colaborador — Ciência do Solo,doutorado,Doutor em Agronomia / Ciências do Solo (UFRPE),/images/team/igor_019.png,http://lattes.cnpq.br/2486869136311615,"Engenheiro Agrônomo pela UFAL, com Mestrado e Doutorado em Agronomia (Ciência do Solo) pela UFRPE. Atua nas áreas de fertilidade e acidez do solo.","Doutorado em Agronomia (Ciências do Solo) pela UFRPE (2013–2017), conceito CAPES 5, sobre fertilização potássica em cana-de-açúcar; Mestrado em Agronomia (Ciências do Solo) pela UFRPE (2011–2013), sobre gesso mineral no condicionamento de subsolo; Graduação em Agronomia pela UFAL (2007–2011); Atuação em fertilidade e acidez do solo","Fertilidade do Solo; Ciência do Solo; Nutrição de Plantas"
raliuson-silva,true,Dr. Raliuson Inácio Silva,Professor Assistente / Colaborador,doutorado,Doutor em Engenharia Agrícola (UFRPE) — Professor Assistente UFRPE/UAST,/images/team/raliuson_033.png,http://lattes.cnpq.br/6452877879697522,"Engenheiro Agrônomo e Doutor em Engenharia Agrícola pela UFRPE. Professor Assistente da UFRPE/UAST em regime de dedicação exclusiva, atuando em agrometeorologia, geotecnologias e recursos hídricos.","Doutorado em Engenharia Agrícola pela UFRPE (2019–2023), sobre propriedades do solo e respostas eco-hidrológicas no semiárido; Mestrado em Produção Vegetal pela UFRPE (2017–2019), sobre biofilmes à base de água residual na irrigação orgânica; Graduação em Agronomia pela UFRPE (2012–2017) e Técnico em Agropecuária pelo IFPE; Professor Assistente da UFRPE/UAST com dedicação exclusiva; Atuação em agrometeorologia, geotecnologias, modelagem ambiental, recursos hídricos e mudanças climáticas; Participação em projetos financiados por CNPq, FACEPE, APQ e INCT","Agrometeorologia; Geotecnologias e Sensoriamento Remoto; Recursos Hídricos"
sergio-silva,true,Dr. Sérgio Luiz Ferreira da Silva,Professor Adjunto / Colaborador — Bioquímica,doutorado,Doutor em Bioquímica (UFC) & Bolsista de Produtividade CNPq Nível 2,/images/team/sergio_038.png,http://lattes.cnpq.br/0173411400092352,"Professor Adjunto da UFRPE e Bolsista de Produtividade em Pesquisa do CNPq. Doutor em Bioquímica pela UFC, com experiência em bioquímica e fisiologia de plantas cultivadas sob estresses abióticos do semiárido.","Bolsista de Produtividade em Pesquisa do CNPq (Nível 2); Doutorado em Bioquímica pela UFC (2004–2008), sobre proteção oxidativa contra estresses de seca, salinidade e temperatura em cajueiro; Mestrado em Agronomia/Fitotecnia pela UFC (2002–2004), sobre transpiração e partição de sódio e cloreto em cajueiro; Pós-doutorado (PNPD/CNPq) no Departamento de Bioquímica da UFC; Pesquisas sobre mecanismos bioquímicos e fisiológicos de proteção vegetal contra estresses abióticos do semiárido","Bioquímica Vegetal; Estresses Abióticos Múltiplos; Fisiologia de Plantas Cultivadas"
aurelio-barros,true,Dr. Aurélio Paes Barros Júnior,Professor Associado / Colaborador (UFERSA),doutorado,Doutor em Agronomia (Produção Vegetal) & Bolsista de Produtividade CNPq Nível 1C,/images/team/aurelio_006.png,http://lattes.cnpq.br/7834686741013271,"Engenheiro Agrônomo pela UFERSA, Doutor em Agronomia (Produção Vegetal) pela UNESP. Professor Associado da UFERSA, Coordenador do PPG em Fitotecnia e Editor-chefe da Revista Caatinga, com atuação em fisiologia de plantas cultivadas.","Bolsista de Produtividade em Pesquisa do CNPq (Nível 1C); Doutorado em Agronomia (Produção Vegetal) pela UNESP (2005–2008), sobre adubação nitrogenada em consórcio de alface e rúcula; Mestrado em Fitotecnia pela UFERSA (2002–2004), conceito CAPES 6, sobre consórcio de cenoura e alface; Graduação em Engenharia Agronômica pela UFERSA (1996–2001); Coordenador do Programa de Pós-Graduação em Fitotecnia da UFERSA e Editor-chefe da Revista Caatinga; Atuação em manejo e produção, irrigação, nutrição e sistemas consorciados de plantas alimentícias e industriais","Fitotecnia; Sistemas Consorciados de Cultivo; Nutrição e Adubação de Plantas"
andrea-brito,true,Dra. Andréa Monteiro Santana Silva Brito,Professora Associada / Colaboradora — Química,doutorado,Doutora em Química (UFPE) — Professora Associada II na UFRPE/UAST,/images/team/andrea_003.png,http://lattes.cnpq.br/5039313786764491,"Bacharel, Mestre e Doutora em Química pela UFPE, com estágio de doutorado sanduíche na Universidade do Porto. Professora Associada II da UFRPE/UAST, atuando em infravermelho, contaminantes ambientais e sensores.","Doutorado em Química pela UFPE (2004–2008), conceito CAPES 6, sobre fases sensoras poliméricas para hidrocarbonetos em água por infravermelho; Mestrado em Química pela UFPE (2002–2004), sobre síntese de compostos mesoiônicos para óptica não linear; Graduação em Química (Bacharelado) pela UFPE (1998–2002); Estágio de Doutorado Sanduíche na Faculdade de Farmácia da Universidade do Porto, Portugal; Atuação em infravermelho, contaminantes ambientais, sensores e ensino/popularização da química","Química Analítica; Sensores e Espectroscopia Infravermelha; Ensino e Popularização da Ciência"
vander-mendonca,true,Dr. Vander Mendonça,Professor Associado / Colaborador (UFERSA) — Fruticultura,doutorado,"Doutor em Agronomia (Fitotecnia/Fruticultura, UFLA) & Bolsista de Produtividade CNPq Nível 1C",/images/team/vander_042.png,http://lattes.cnpq.br/4327895435746416,"Engenheiro Agrônomo pela UFLA, com Mestrado pela UFERSA e Doutorado/Pós-Doutorado pela UFLA em Fitotecnia/Fruticultura. Professor Associado na UFERSA e Bolsista de Produtividade em Pesquisa do CNPq.","Bolsista de Produtividade em Pesquisa do CNPq (Nível 1C); Doutorado em Agronomia (Fitotecnia) pela UFLA (2001–2005), conceito CAPES 5, sobre poda de recuperação em tangerineira; Mestrado em Fitotecnia pela UFERSA (1998–2000), sobre indução floral em mangueira; Graduação em Engenharia Agronômica pela UFLA (1992–1997); Líder de grupos de pesquisa em fruticultura e nutrição de plantas cadastrados no CNPq; Ex-Coordenador de Programa de Pós-Graduação e Pró-Reitor de Pesquisa e Pós-Graduação da UFERSA","Fruticultura Tropical e Subtropical; Nutrição e Adubação de Frutíferas; Propagação de Plantas Frutíferas"
thieres-silva,true,Dr. Thieres George Freire da Silva,Pró-Reitor de Pesquisa (UFRPE) / Colaborador — Agrometeorologia,doutorado,"Doutor em Agronomia (Meteorologia Aplicada, UFV) & Bolsista de Produtividade CNPq Nível 2",/images/team/thierys_040.png,http://lattes.cnpq.br/0213450385240546,"Engenheiro Agrônomo pela UNEB, com Mestrado e Doutorado em Agrometeorologia pela UFV. Pró-Reitor de Pesquisa da UFRPE e Professor Associado IV, com vasta produção científica em gestão do risco climático.","Bolsista de Produtividade em Pesquisa do CNPq (PQ); Doutorado em Agronomia (Meteorologia Aplicada) pela UFV (2006–2009), conceito CAPES 5, sobre eficiência do uso da água na cana-de-açúcar irrigada; Mestrado em Agronomia (Meteorologia Aplicada) pela UFV (2005–2006), sobre zoneamento agroclimático para atemoieira; Graduação em Engenharia Agronômica pela UNEB (2000–2004); Pró-Reitor de Pesquisa da UFRPE, com mais de 1.000 produções e 300 artigos publicados, orientando mais de 120 discentes; Prêmio Nacional Fundação Bunge (2025, categoria Vida e Obra) e Coordenador Geral da 77ª Reunião Anual da SBPC; Mentor intelectual do sistema SERVAgro, voltado à gestão do risco climático na agricultura e pecuária","Agrometeorologia; Gestão do Risco Climático; Sistemas de Produção Climaticamente Resilientes"
giuseppina-lima,true,Dra. Giuseppina Pace Pereira Lima,Professora Titular / Colaboradora (UNESP) — Bioquímica Vegetal,doutorado,Doutora em Ciências Biológicas / Botânica (UNESP) & Bolsista de Produtividade CNPq Nível 1B,/images/team/giuseppina_017.png,http://lattes.cnpq.br/8104143593771412,"Engenheira Agrônoma pela UNITAU, com Mestrado e Doutorado em Ciências Biológicas (Botânica/Bioquímica e Fisiologia Vegetal) pela UNESP. Professora Titular em Bioquímica Vegetal da UNESP, com atuação em bioquímica pós-colheita.","Bolsista de Produtividade em Pesquisa do CNPq (Nível 1B); Doutorado em Ciências Biológicas (Botânica) pela UNESP (1991–1994), sobre poliaminas e atividades enzimáticas em calos de arroz; Mestrado em Ciências Biológicas (Botânica) pela UNESP (1988–1990), sobre ácido giberélico e etileno em plantas de arroz in vitro; Graduação em Engenharia Agronômica pela UNITAU (1979–1983); Professora Titular em Bioquímica Vegetal (concurso público) da UNESP; Atuação em bioquímica pós-colheita, analisando moléculas bioativas, enzimas e antioxidantes","Bioquímica Vegetal; Bioquímica Pós-Colheita; Fisiologia de Plantas Cultivadas"
mayara-martim,true,Mayara Bernardo Tavares Martim,Mestre em Produção Vegetal,mestrado,Mestre em Produção Vegetal (UFRPE/FACEPE),/images/team/mayara_027.png,http://lattes.cnpq.br/,"Engenheira Agrônoma formada pela UFRPE/UAST e mestre em Produção Vegetal, bolsista FACEPE. Foco na extração de mucilagem e filmes biopoliméricos de cactáceas.","Mestrado em Produção Vegetal (março/2024 – fevereiro/2026) na UFRPE/UAST, sob orientação do Prof. Dr. Adriano Simões; Bolsista da Fundação de Amparo à Ciência e Tecnologia de Pernambuco (FACEPE); Graduação em Engenharia Agronômica pela UFRPE/UAST (2017–2022); Técnica em Edificações pelo Instituto Federal do Sertão Pernambucano (IF-Sertão PE); Pesquisas em extração de mucilagem, manejo agronômico e síntese de materiais biodegradáveis para conservação de frutas","Fisiologia Pós-Colheita; Biopolímeros da Palma; Materiais Biodegradáveis"
cristina-santos,true,Cristina Maria Ferreira dos Santos,Mestranda em Produção Vegetal,mestrando,Mestranda em Produção Vegetal (UFRPE/UAST),/images/team/cristina_008.png,http://lattes.cnpq.br/,Engenheira Agrônoma (2025) e mestranda pelo PPGPV/UAST. Pesquisa alterações pós-colheita em pitaia no Semiárido e mitigação de estresses salino e hídrico.,"Mestrado em Produção Vegetal (março/2026 – fevereiro/2028) na UFRPE/UAST; Orientador: Prof. Dr. Adriano do Nascimento Simões; Coorientadores: Prof. Dr. Alexandre Campelo de Oliveira e Dra. Valécia Nogueira Santos e Silva; Graduação em Agronomia pela UFRPE/UAST (2019–2025); Pesquisas sobre o efeito atenuador da adubação nitrogenada e molíbdica em plantas sob déficit hídrico e salinidade no Semiárido; Estudo do desenvolvimento e maturação fisiológica da pitaia","Fisiologia da Pitaia; Manejo de Estresses Ambientais; Conservação de Frutos"
klayvert-carvalho,true,Klayvert Gabriel Alves Rodrigues de Carvalho,Graduando & Bolsista de Inovação Tecnológica (PIBITI),graduacao,Graduando em Sistemas de Informação (UFRPE) & Bolsista PIBITI/CNPq,/images/team/klayvert_023.png,http://lattes.cnpq.br/1183920172672937,"Bolsista de Iniciação Tecnológica (PIBITI/CNPq) no projeto PitayaQual. Desenvolvedor de software focado em Inteligência Artificial, visão computacional e aplicativos móveis.","Graduação em Sistemas de Informação pela Universidade Federal Rural de Pernambuco (UFRPE, desde 2021); Bolsista PIBITI/CNPq com o projeto PitayaQual: Plataforma Inteligente para Classificação Comercial e Apoio à Decisão na Pós-Colheita de Pitaia Vermelha; Orientador: Prof. Dr. Adriano do Nascimento Simões; Desenvolvedor de software com experiência profissional (NTIST 2023-2024 e Coflint OÜ 2025-2026); Atuação em treinamento de modelos de Machine Learning/Deep Learning, processamento digital de imagens e arquitetura web/mobile","Inteligência Artificial Aplicada à Agricultura; Visão Computacional; Desenvolvimento Web & Mobile"
luiz-santos,true,Luiz Odonil Gomes dos Santos,Doutorando em Fitotecnia,doutorando,Doutorando em Fitotecnia (UFERSA),/images/team/sem_foto_037.png,http://lattes.cnpq.br/3260109750046441,"Engenheiro Agrônomo e Mestre em Fitotecnia pela UFERSA, com formação também em Pedagogia. Doutorando em Fitotecnia pela UFERSA, pesquisando nanoemulsão à base de mucilagem e óleo essencial de orégano para conservação pós-colheita do tomate.","Doutorado em andamento em Fitotecnia pela UFERSA, com pesquisa sobre nanoemulsão à base de mucilagem e óleo essencial de orégano como revestimento ativo para o tomate; Mestrado em Fitotecnia pela UFERSA (2016–2018), sobre sorção e dessorção do herbicida hexazinone no solo; Graduação em Agronomia pela UFERSA (1989–1994); Licenciatura em Pedagogia com Habilitação em Química pela UVA (1999–2000)","Fitotecnia; Química do Solo; Tecnologia Pós-Colheita de Hortaliças"
anderson-silva,true,Anderson Rodrigo Luciano da Silva,Doutorando em Fitotecnia,doutorando,Doutorando em Fitotecnia (UFERSA) — Bolsista CAPES,/images/team/anderson_002.png,http://lattes.cnpq.br/5440498052235379,"Engenheiro Agrônomo e Mestre em Agronomia pela UFPB. Doutorando em Fitotecnia pela UFERSA, sob orientação do Prof. Dr. Adriano Simões, com pesquisa sobre quitosana e ácido ascórbico na conservação pós-colheita da pitaya.","Doutorado em andamento em Fitotecnia pela UFERSA, orientado pelo Prof. Dr. Adriano do Nascimento Simões, coorientado pelo Dr. Fred Augusto Lourêdo de Brito; Pesquisa sobre quitosana associada ao ácido ascórbico para prolongar a qualidade pós-colheita da pitaya armazenada sob refrigeração; Bolsista da Coordenação de Aperfeiçoamento de Pessoal de Nível Superior (CAPES); Mestrado em Agronomia pela UFPB (2018–2020), sobre redução do estresse abiótico em mangueira no semiárido; Graduação em Agronomia pela UFPB (2011–2017)","Fisiologia Pós-Colheita da Pitaya; Fruticultura do Semiárido; Revestimentos Comestíveis"
jessica-oliveira,true,Jéssica Crhistie de Castro Granjeiro Oliveira,Doutoranda em Fitotecnia,doutorando,Doutoranda em Fitotecnia (UFERSA) — Bolsista CAPES,/images/team/jessica_022.png,http://lattes.cnpq.br/8830267915036831,"Engenheira Agrônoma e Mestra em Manejo de Solo e Água pela UFERSA. Doutoranda em Fitotecnia pela UFERSA, sob orientação do Prof. Dr. Adriano Simões, pesquisando nanopartículas de síntese verde aplicadas ao cultivo e pós-colheita do tomate.","Doutorado em andamento em Fitotecnia pela UFERSA, orientada pelo Prof. Dr. Adriano do Nascimento Simões, coorientada pelo Dr. Fred Augusto Lourêdo de Brito; Pesquisa sobre uso de nanopartículas de síntese verde no cultivo e pós-colheita de tomate; Bolsista da Coordenação de Aperfeiçoamento de Pessoal de Nível Superior (CAPES); Mestrado em Manejo de Solo e Água pela UFERSA (2024), sobre irrigação da Moringa oleifera com água produzida sintética; Graduação em Agronomia pela UFERSA, com pesquisa sobre compartimentação de íons em sorgo sob estresse hídrico e salino","Nanotecnologia Aplicada à Agricultura; Manejo de Solo e Água; Fisiologia Pós-Colheita do Tomate"
milena-barros,true,Milena Emanuela de Jesus Barros,Mestranda em Fitotecnia,mestrando,Mestranda em Fitotecnia (UFERSA) — Bolsista CAPES,/images/team/milena_028.png,http://lattes.cnpq.br/6504118086466429,"Engenheira Agrônoma pela UEPB e técnica em Agropecuária. Mestranda em Fitotecnia pela UFERSA, sob orientação do Prof. Dr. Adriano Simões, desenvolvendo pesquisa sobre revestimentos comestíveis à base de mucilagem e pectina para conservação pós-colheita da pitaia.","Mestrado em Fitotecnia (2025–2027) pela UFERSA, orientada pelo Prof. Dr. Adriano do Nascimento Simões, coorientada pelo Dr. Fred Augusto Lourêdo de Brito; Dissertação sobre revestimentos comestíveis à base de mucilagem e pectina para pitaia minimamente processada; Bolsista da Coordenação de Aperfeiçoamento de Pessoal de Nível Superior (CAPES); Graduação em Agronomia pela UEPB (2019–2024); Técnica em Agropecuária pela Escola ANOP, Assaré-CE","Revestimentos Comestíveis; Tecnologia Pós-Colheita da Pitaia; Fisiologia Vegetal"
vitoria-machado,true,Vitória Letícia da Silva Nunes Machado,Mestranda em Produção Vegetal,mestrando,Mestranda em Produção Vegetal (UFRPE/UAST) — Bolsista CNPq,/images/team/vitoria_043.png,http://lattes.cnpq.br/8555786029476330,"Graduada em Ciências Biológicas pela UFRPE/UAST. Mestranda em Produção Vegetal, desenvolvendo pesquisa sobre filmes biopoliméricos de palma forrageira aplicados à conservação pós-colheita da goiaba.","Mestrado em Produção Vegetal (março/2025 – fevereiro/2027) na UFRPE/UAST, sob orientação do Prof. Dr. Adriano do Nascimento Simões; Pesquisa sobre caracterização de filmes biopoliméricos de palma forrageira aplicados à qualidade pós-colheita da goiaba var. Paluma; Bolsista do Conselho Nacional de Desenvolvimento Científico e Tecnológico (CNPq); Graduação em Ciências Biológicas pela UFRPE/UAST (2018–2024)","Biopolímeros da Palma Forrageira; Tecnologia Pós-Colheita da Goiaba; Materiais Biodegradáveis"
vivian-santos,true,Vivian Soraia da Silva Santos,Graduanda & Bolsista de Iniciação Científica (PIBIC/CNPq),graduacao,Graduanda em Agronomia (UFRPE/UAST) & Bolsista PIBIC/CNPq,/images/team/vivian_044.png,http://lattes.cnpq.br/0114243537325761,Graduanda em Agronomia pela UFRPE/UAST e bolsista de Iniciação Científica do CNPq. Desenvolve pesquisas sobre biofilmes à base de mucilagem de cladódios de pitaia e conservação pós-colheita de frutos.,"Graduação em Agronomia (em andamento) pela UFRPE/UAST, com início em 2020; Bolsista de Iniciação Científica do CNPq, com plano de trabalho sobre biofilmes à base de mucilagem de cladódios de pitaia; TCC sobre prolongamento da vida útil da goiaba 'Paluma' com refrigeração e embalagens, orientado pelo Prof. Dr. Adriano Simões e coorientado pela Dra. Valécia Nogueira Santos e Silva; Experiência em caracterização físico-química de frutos, banho ultrassônico para indução de compostos bioativos e biorevestimentos comestíveis","Fisiologia e Tecnologia Pós-Colheita; Biofilmes de Palma e Pitaia; Conservação de Frutos para Exportação"
rafael-lima,true,Rafael dos Santos Lima,Graduando & Bolsista de Inovação Tecnológica (PIBITI),graduacao,Graduando em Agronomia (UFRPE) & Bolsista PIBITI,/images/team/rafael_032.png,http://lattes.cnpq.br/,Graduando em Agronomia pela UFRPE e bolsista PIBITI. Desenvolve pesquisa sobre filmes e revestimentos comestíveis à base de mucilagem de pitaya enriquecidos com agentes bioativos naturais.,"Graduação em Agronomia (em andamento) pela UFRPE; Bolsista PIBITI (ciclo 2025–2026), com plano de trabalho sobre filmes e revestimentos comestíveis de mucilagem de pitaya enriquecidos com agentes bioativos naturais; Orientador: Prof. Dr. Adriano do Nascimento Simões; Coorientadora: Dra. Valécia Nogueira Santos e Silva; Pesquisas em extração e purificação de mucilagem, formulação de biofilmes e avaliação de propriedades físico-químicas e mecânicas","Biofilmes da Pitaya; Embalagens Sustentáveis; Tecnologia Pós-Colheita"
taylane-freitas,true,Taylane da Silva Freitas,Graduanda & Bolsista de Iniciação Científica (PIBIC/CNPq),graduacao,Graduanda em Agronomia (UFRPE) & Bolsista PIBIC/CNPq,/images/team/taylane_039.png,http://lattes.cnpq.br/9271692200066161,"Graduanda em Agronomia pela UFRPE e Técnica em Agropecuária pelo IFPE. Bolsista de Iniciação Científica do CNPq, pesquisando o efeito de fontes de nitrogênio sobre o crescimento, estado nutricional e produtividade da pitaya no semiárido pernambucano.","Graduação em Agronomia (em andamento) pela Universidade Federal Rural de Pernambuco (UFRPE), com início em 2021; Bolsista de Iniciação Científica (PIBIC/CNPq), com plano de trabalho sobre o efeito de fontes de nitrogênio no crescimento, estado nutricional e produtividade da pitaya (Hylocereus polyrhizus) no semiárido pernambucano; Orientador: Prof. Dr. Adriano do Nascimento Simões; Coorientadora: Ivanice da Silva Santos; Técnica em Agropecuária pelo Instituto Federal de Educação, Ciência e Tecnologia de Pernambuco (IFPE), Campus Floresta; Participação em atividades experimentais de campo e laboratório, contribuindo para estudos sobre produção sustentável, manejos agronômicos e qualidade de frutos","Manejo Nutricional da Pitaya; Fontes de Nitrogênio; Fisiologia Vegetal no Semiárido"
maria-isabel-lima,true,Maria Isabel Ferreira de Lima,Graduanda & Bolsista de Inovação Tecnológica (PIBITI),graduacao,Graduanda em Agronomia (UFRPE) & Bolsista PIBITI,/images/team/maria_isabel_026.png,http://lattes.cnpq.br/9403425013049772,"Graduanda em Agronomia pela UFRPE e técnica em Administração. Bolsista PIBITI, pesquisando o potencial filmogênico da mucilagem de pitaya extraída por um novo método para revestimentos comestíveis.","Graduação em Agronomia (em andamento) pela UFRPE, com início em 2023; Bolsista PIBITI (ciclo 2025–2026), com plano de trabalho sobre potencial filmogênico da mucilagem de pitaya extraída por novo método via micro-ondas; Orientador: Prof. Dr. Adriano do Nascimento Simões; Coorientadora: Mayara Bernardo Tavares Martim; Técnica em Administração pela Escola Técnica Estadual Antônio Arruda de Farias (ETE), Surubim","Biopolímeros da Pitaya; Revestimentos Comestíveis; Extração de Mucilagem"
ivanice-santos,true,Dra. Ivanice da Silva Santos,Pesquisadora Colaboradora & Ex-Membro,ex-membros,Doutora em Fitotecnia (UFERSA / UAST / CAPES),/images/team/ivanice_020.png,http://lattes.cnpq.br/3742941528834329,"Doutoranda/Doutora em Fitotecnia (UFERSA) com período visitante na UAST/UFRPE (Bolsista CAPES). Mestre em Ciências Agrárias (UEPB), Tecnóloga em Agroecologia (IFPB) e Bióloga (UFCG).","Doutorado em Fitotecnia pela Universidade Federal Rural do Semi-Árido (UFERSA) com aluna visitante no PPGPV-UAST/UFRPE, orientada pelo Prof. Dr. Adriano Simões (Bolsista CAPES); Mestrado em Ciências Agrárias pela Universidade Estadual da Paraíba (UEPB, 2019–2021); Graduação em Tecnologia em Agroecologia pelo IFPB (2015–2018); Graduação em Ciências Biológicas pela Universidade Federal de Campina Grande (UFCG, 2009–2013); Especialização em Gestão dos Recursos Ambientais do Semiárido; Coautora de artigos de destaque em predição não destrutiva de cladódios de pitaia e fisiologia pós-colheita","Fisiologia de Cactáceas; Adubação Orgânica; Tecnologia Pós-Colheita"
ericks-carmo,true,Ericks Pires do Carmo,Ex-Membro — Mestre em Produção Vegetal,ex-membros,Mestre em Produção Vegetal (UFRPE) — Doutorando em Produção Agrícola (UFAPE),/images/team/ericks_014.png,http://lattes.cnpq.br/7921172789256732,"Engenheiro Agrônomo e Mestre em Produção Vegetal pela UFRPE/UAST, com experiência internacional no Canadá. Atuou no NEFP em pesquisas sobre adubação orgânica e cultura da pitaya no semiárido.","Doutorado em Produção Agrícola (em andamento) pela UFAPE; Mestrado em Produção Vegetal na UFRPE (março/2024 – fevereiro/2026), orientado pelo Prof. Dr. Adriano Simões, coorientado pela Dra. Valécia Nogueira Santos e Silva; Graduação em Agronomia pela UFRPE/UAST (2017–2023); Experiência internacional no Canadá através do programa Ganhe o Mundo; Pesquisas em adubação orgânica e cultura da pitaya no semiárido brasileiro","Adubação Orgânica; Cultura da Pitaya; Boas Práticas Pós-Colheita"
gleison-oliveira,true,Dr. Gleison Silva Oliveira,Ex-Membro — Doutor em Fitotecnia,ex-membros,Doutor em Fitotecnia (UFERSA) — Professor no IFRN,/images/team/gleison_018.png,http://lattes.cnpq.br/6955385499342071,"Doutor em Fitotecnia pela UFERSA, com Mestrado em Ciência e Tecnologia de Alimentos pela UFC. Atualmente professor do IFRN, com experiência em qualidade microbiológica e pós-colheita de produtos vegetais.","Doutorado em Fitotecnia pela UFERSA (2021–2025), orientado pelo Prof. Dr. Adriano do Nascimento Simões, sobre adubação orgânica e tratamento ultrassônico na pitaya; Bolsista da Coordenação de Aperfeiçoamento de Pessoal de Nível Superior (CAPES); Mestrado em Ciência e Tecnologia de Alimentos pela UFC (2010–2012); Graduação em Tecnologia de Alimentos pelo CENTEC (2004–2007); Atualmente professor do Instituto Federal de Educação, Ciência e Tecnologia do Rio Grande do Norte (IFRN)","Ciência e Tecnologia de Alimentos; Qualidade Microbiológica Pós-Colheita; Tratamentos Físicos de Conservação"
antonio-bezerra,true,Dr. Antonio Lourenço Bezerra,Ex-Membro — Doutor em Fitotecnia,ex-membros,Doutor em Fitotecnia (UFERSA),/images/team/antonio_004.png,http://lattes.cnpq.br/2016287793664205,"Engenheiro Agrônomo e Biólogo, Mestre em Produção Agrícola e Doutor em Fitotecnia pela UFERSA. Atuou no NEFP com pesquisas em entomologia, toxicologia de inseticidas e geoprocessamento aplicado.","Doutorado em Fitotecnia pela UFERSA (2021–2025), orientado pelo Prof. Dr. Adriano do Nascimento Simões; Bolsista da Coordenação de Aperfeiçoamento de Pessoal de Nível Superior (CAPES); Mestrado em Produção Agrícola pela UFRPE (2019–2021), sobre toxicidade de inseticidas em Apis mellifera; Especialização em Geoprocessamento pela PUC Minas (2017–2019); Graduação em Engenharia Agronômica pela UFRPE (2003–2008) e em Ciências/Biologia pela FAMASUL (1999–2004)","Entomologia Agrícola; Toxicologia de Inseticidas; Geoprocessamento Aplicado"
natanael-ferreira,true,Natanael Lucena Ferreira,Ex-Membro — Mestrando em Fitotecnia,ex-membros,Mestrando em Fitotecnia (ESALQ/USP),/images/team/nataj_031.png,http://lattes.cnpq.br/8425857250719845,"Engenheiro Agrônomo pela UFRPE/UAST e mestrando em Fitotecnia pela ESALQ/USP. Foi membro do NEFP, com pesquisas em fisiologia e conservação pós-colheita de pitaya.","Mestrado em Fitotecnia (em andamento, desde 2025) pela ESALQ/USP; Graduação em Agronomia pela UFRPE/UAST (2020–2024); Curso Técnico em Agropecuária pelo IFSertãoPE, Campus Salgueiro (2017–2019); Pesquisas em produtividade, trocas gasosas, compostos bioativos e biofilmes de mucilagem de palma forrageira em pitaya","Fisiologia Pós-Colheita da Pitaya; Biofilmes de Palma Forrageira; Fisiologia Vegetal"
sarah-sa,true,Sarah Alencar de Sá,Ex-Membro — Mestre em Fitotecnia,ex-membros,Mestre em Fitotecnia (UFERSA) — Doutoranda,/images/team/sarah_036.png,http://lattes.cnpq.br/9829768562128357,"Trajetória acadêmica construída no NEFP desde a graduação até o mestrado. Mestre em Fitotecnia pela UFERSA, com pesquisas em biofilmes de mucilagem de palma forrageira aplicados à conservação de frutos do semiárido.","Doutorado em andamento pela UFERSA; Mestrado em Fitotecnia pela UFERSA (2023–2025), orientado pelo Prof. Dr. Adriano Simões, bolsista CAPES, sobre morfofisiologia de cladódios e qualidade de frutos de pitaia; Graduação em Agronomia pela UFRPE/UAST (2018–2023), bolsista CNPq, sobre revestimento de mucilagem de palma e melatonina em batata-doce; Pesquisas em biofilmes e biorevestimentos comestíveis para pitaia, batata-doce e outras culturas do semiárido","Biofilmes de Palma Forrageira; Fisiologia da Pitaia; Conservação Pós-Colheita"
clarissa-freire,true,Dra. Clarissa Soares Freire,Ex-Membro — Doutora em Ciências Florestais,ex-membros,Doutora em Ciências Florestais (UFRPE),/images/team/clarissa_007.png,http://lattes.cnpq.br/3389477185509997,"Engenheira Florestal, Mestre em Produção Vegetal e Doutora em Ciências Florestais pela UFRPE. Iniciou sua trajetória no NEFP durante o mestrado, com pesquisas sobre escurecimento enzimático em mandioca de mesa.","Doutorado em Ciências Florestais pela UFRPE (2014–2018), conceito CAPES 4, sobre ciclagem de nutrientes em floresta tropical seca; Mestrado em Produção Vegetal pela UFRPE (2012–2014), orientado pelo Prof. Dr. Adriano do Nascimento Simões, sobre enzimas oxidativas em mandioca de mesa minimamente processada; Bolsista da Fundação de Amparo à Ciência e Tecnologia do Estado de Pernambuco (FACEPE); Graduação em Engenharia Florestal pela UFRPE (2007–2011)","Ciências Florestais; Escurecimento Enzimático; Nutrição Florestal"
edson-silva,true,Edson Fábio da Silva,Ex-Membro — Mestre em Produção Vegetal,ex-membros,Mestre em Produção Vegetal (UFRPE/UAST),/images/team/edson_013.png,http://lattes.cnpq.br/5684995552273822,Engenheiro Agrônomo e Mestre em Produção Vegetal pela UFRPE/UAST. Atuou em análises de qualidade pós-colheita de frutas e hortaliças e em olericultura durante sua formação no NEFP.,"Mestrado em Produção Vegetal pela UFRPE/UAST (2012–2014), orientado pelo Prof. Dr. Adriano do Nascimento Simões, coorientado pelo Prof. Dr. Aurélio Paes Barros Júnior, bolsista CAPES; Graduação em Agronomia pela UFRPE/UAST (2007–2011); Estágio voluntário em laboratório de qualidade pós-colheita de frutas e hortaliças (UAST/UFRPE); Experiência prática em olericultura, com cultivo de hortaliças folhosas e de raízes","Qualidade Pós-Colheita de Frutas e Hortaliças; Olericultura; Produção Vegetal"
luiz-coelho-junior,true,Luiz Ferreira Coelho Júnior,Ex-Membro — Mestre em Produção Vegetal,ex-membros,Mestre em Produção Vegetal (UFRPE) — Doutorando em Fitotecnia (UFC),/images/team/luiz_024.png,http://lattes.cnpq.br/8286952885006223,"Engenheiro Agrônomo e Mestre em Produção Vegetal pela UFRPE/UAST. Atualmente doutorando em Fitotecnia pela UFC, com experiência em fisiologia de sementes e bioquímica pós-colheita.","Doutorado em andamento em Agronomia (Fitotecnia) pela UFC, conceito CAPES 4, bolsista FUNCAP; Mestrado em Produção Vegetal pela UFRPE (2013–2015), orientado pelo Prof. Dr. Adriano do Nascimento Simões, coorientado pelo Dr. Sérgio Luiz Ferreira da Silva, sobre escurecimento oxidativo pós-colheita em inhame; Bolsista da Coordenação de Aperfeiçoamento de Pessoal de Nível Superior (CAPES); Graduação em Agronomia pela UFRPE (2007–2012), bolsista CNPq","Fisiologia de Sementes; Bioquímica Pós-Colheita; Fitotecnia"
rubia-maia,true,Rubia Kecia Marins Maia,Ex-Membro — Mestre em Produção Vegetal,ex-membros,Mestre em Produção Vegetal (UFRPE/UAST),/images/team/rubia_034.png,http://lattes.cnpq.br/9558866127614842,Engenheira Agrônoma e Mestre em Produção Vegetal pela UFRPE/UAST. Pesquisou pós-colheita de flores de corte e atua atualmente como perita judicial federal.,"Mestrado em Produção Vegetal pela UFRPE/UAST (2015–2017), orientado pelo Prof. Dr. Adriano do Nascimento Simões, coorientado pelo Dr. Marcos Ribeiro da Silva Vieira, sobre pós-colheita de gérberas com aplicação de etanol; Bolsista da Fundação de Amparo à Ciência e Tecnologia do Estado de Pernambuco (FACEPE); Graduação em Agronomia pela UFRPE (2009–2014); Monitora de Fisiologia Vegetal e ex-bolsista de iniciação científica; Atualmente tutora presencial e perita judicial federal na 20ª Vara da Justiça Federal em PE","Pós-Colheita de Flores de Corte; Fisiologia Vegetal; Produtos Minimamente Processados"
franquielle-oliveira,true,Franquielle Ribeiro de Oliveira,Ex-Membro — Mestre em Produção Vegetal,ex-membros,Mestre em Produção Vegetal (UFRPE/UAST),/images/team/franquielle_015.png,http://lattes.cnpq.br/8184308128587944,"Bacharel em Agronomia e Mestre em Produção Vegetal pela UFRPE/UAST, ex-bolsista do CNPq em Extensão Rural. Pesquisou indução de floração em espécies nativas da Caatinga.","Mestrado em Produção Vegetal pela UFRPE (a partir de 2016), conceito CAPES 4, orientado pelo Prof. Dr. Adriano do Nascimento Simões, coorientado por Luzia Ferreira da Silva e José Alves de Siqueira Filho, sobre indução de floração em espécies nativas da Caatinga; Bolsista da Coordenação de Aperfeiçoamento de Pessoal de Nível Superior (CAPES); Graduação em Agronomia pela UFRPE (2008–2014); Ex-bolsista do CNPq na área de Extensão Rural e Práticas Agroecológicas do Semiárido; Atualmente professora de Alimentos e Alimentação no ITEP/CTP","Indução de Floração em Espécies Nativas; Fitotecnia; Extensão Rural"
samara-almeida,true,Samara Lopes de Almeida,Ex-Membro — Mestre em Produção Vegetal,ex-membros,Mestre em Produção Vegetal (UFRPE/UAST),/images/team/samara_035.png,http://lattes.cnpq.br/7033483475490779,"Bacharela em Ciências Biológicas e Mestre em Produção Vegetal pela UFRPE/UAST. Pesquisou cultivares de batata-doce para processamento mínimo, com estágio na UNESP-Botucatu.","Mestrado em Produção Vegetal pela UFRPE (a partir de 2016), conceito CAPES 4, orientado pelo Prof. Dr. Adriano do Nascimento Simões, coorientado pela Dra. Giuseppina Pace Pereira Lima e pelo Dr. Aurélio Paes Barros Júnior; Bolsista da Fundação de Amparo à Ciência e Tecnologia do Estado de Pernambuco (FACEPE); Dissertação sobre cultivares de batata-doce colhidas em diferentes idades para processamento mínimo; Graduação em Ciências Biológicas pela UFRPE (2011–2015); Estágio de pesquisa na UNESP-Botucatu, no Laboratório de Análises Bioquímicas","Processamento Mínimo de Raízes; Bioquímica de Carboidratos; Produção Vegetal"
maria-aparecida-morais,true,Maria Aparecida dos Santos Morais,Ex-Membro — Mestre em Produção Vegetal,ex-membros,Mestre em Produção Vegetal (UFRPE/UAST),/images/team/aparecida_005.png,http://lattes.cnpq.br/0759178490116286,"Bacharela em Ciências Biológicas, Licenciada em Pedagogia e Mestre em Produção Vegetal pela UFRPE/UAST. Pesquisou revestimentos comestíveis de mucilagem de palma em inhame minimamente processado.","Mestrado em Produção Vegetal pela UFRPE (2017–2019), orientado pelo Prof. Dr. Adriano do Nascimento Simões, coorientado pela Dra. Kelem Silva Fonseca, bolsista CAPES, sobre atributos sensoriais e oxidativos de inhame minimamente processado; Graduação em Ciências Biológicas pela UFRPE/UAST (2012–2016), com TCC sobre revestimentos comestíveis de mucilagem de palma em inhame; Licenciatura em Pedagogia pela FASURP (2011–2015); Bolsista de Iniciação Científica (PIBIC/CNPq) e membro da Comissão Científica do III SINPROVS (2018); Atualmente professora de Biologia, Educação Ambiental e Química na EREM-JPB","Revestimentos Comestíveis de Palma; Fisiologia Pós-Colheita de Raízes; Anatomia Vegetal"
diego-andrade,true,Diego da Paixão Andrade,Ex-Membro — Mestre em Produção Vegetal,ex-membros,Mestre em Produção Vegetal (UFRPE/UAST),/images/team/sem_foto_037.png,http://lattes.cnpq.br/7822310958049222,"Engenheiro Agrônomo pela UFRA e Mestre em Produção Vegetal pela UFRPE/UAST, com ênfase em fisiologia pós-colheita e processamento mínimo de macaxeira.","Mestrado em Produção Vegetal pela UFRPE/UAST (2011–2013), orientado pelo Prof. Dr. Adriano do Nascimento Simões, coorientado pelo Dr. Aurélio Paes Barros Júnior, bolsista CAPES, sobre caracterização agronômica de macaxeira para processamento mínimo; Graduação em Agronomia pela UFRA (2006–2011); Experiência em fixação biológica de nitrogênio, feijão-caupi e análises bioquímicas de frutíferas e forrageiras","Fisiologia Pós-Colheita e Processamento Mínimo; Fixação Biológica de Nitrogênio; Análises Bioquímicas de Frutíferas"
douglas-oliveira,true,Douglas Moreira de Oliveira,Ex-Membro — Mestre em Produção Vegetal,ex-membros,Mestre em Produção Vegetal (UFRPE),/images/team/douglas_012.png,http://lattes.cnpq.br/5509969490825290,"Engenheiro Ambiental e Mestre em Produção Vegetal pela UFRPE, com pesquisas em microbiologia ambiental e fisiologia vegetal aplicadas à recuperação de áreas degradadas.","Mestrado em Produção Vegetal pela UFRPE (2015–2017), orientado pelo Prof. Dr. Adriano do Nascimento Simões, coorientado pelo Dr. André Luiz Alves de Lima, bolsista CAPES, sobre rizobactérias e tolerância ao estresse hídrico em Aroeira do Sertão; Especialização em Engenharia de Segurança do Trabalho pela Universidade Iguaçu (2014–2016); Graduação em Engenharia Ambiental pelo UNISAL (2009–2013); Atualmente professor do Colégio Agrícola Dom Agostinho Ikas (CODAI/UFRPE), na área de Tecnologia","Microbiologia Ambiental; Recuperação de Áreas Degradadas; Fisiologia Vegetal sob Estresse Hídrico"
maria-jose-sa,true,Maria José Barros de Carvalho e Sá,Ex-Membro — Graduada em Agronomia,ex-membros,Engenheira Agrônoma (UFRPE/UAST),/images/team/mj_029.png,http://lattes.cnpq.br/8190640129026833,"Engenheira Agrônoma formada pela UFRPE/UAST, ex-integrante do NEFP.","Graduação em Agronomia pela UFRPE/UAST (2009–2016)","Agronomia"
darliclecia-silva,true,Darliclécia Fernandes Lopes Silva,Ex-Membro — Graduada em Agronomia,ex-membros,Engenheira Agrônoma (UFRPE/UAST),/images/team/darliclecia_010.png,http://lattes.cnpq.br/3351569962223176,"Engenheira Agrônoma formada pela UAST/UFRPE, ex-integrante do NEFP.","Graduação em Agronomia pela UFRPE/UAST (a partir de 2008); Curso Técnico Profissionalizante pela Escola Agrícola do Pajeú (2002–2003)","Agronomia"
domingos-melo-neto,true,Domingos Ferreira de Mélo Neto,Ex-Membro — Mestre em Fitotecnia,ex-membros,Mestre em Agronomia/Fitotecnia (UFC) — Doutorando em Fitotecnia (UFC),/images/team/domingos_011.png,http://lattes.cnpq.br/0677318274455935,"Engenheiro Agrônomo pela UFRPE/UAST e Mestre em Fitotecnia pela UFC. Atualmente doutorando em Fitotecnia pela UFC, com pesquisas em proteômica e metabolômica de pinhão manso.","Doutorado em andamento em Agronomia (Fitotecnia) pela UFC, conceito CAPES 4, bolsista CAPES, sobre proteômica de pinhão manso; Mestrado em Agronomia (Fitotecnia) pela UFC (2016–2018), sobre proteômica de sementes de açaí, bolsista CNPq; Graduação em Agronomia pela UFRPE/UAST (2011–2015), orientado pelo Prof. Dr. Adriano do Nascimento Simões; Experiência em cromatografia líquida acoplada a espectrometria de massas (LC-ESI-MS/MS)","Proteômica e Metabolômica Vegetal; Fitotecnia; Bioquímica de Sementes"
moab-andrade,true,Moab Torres de Andrade,Ex-Membro — Mestre em Fitotecnia,ex-membros,Mestre em Agronomia/Fitotecnia (UFC) — Doutorando em Fisiologia Vegetal (UFV),/images/team/moab_030.png,http://lattes.cnpq.br/1787541035821073,"Engenheiro Agrônomo pela UFRPE/UAST e Mestre em Fitotecnia pela UFC. Atualmente doutorando em Fisiologia Vegetal pela UFV, pesquisando arquitetura hidráulica de plantas.","Doutorado em andamento em Ciências Agrárias (Fisiologia Vegetal) pela UFV, conceito CAPES 7, bolsista CAPES; Mestrado em Agronomia (Fitotecnia) pela UFC (2016–2018), sobre proteômica e histologia do pericarpo do açaí, bolsista CNPq; Graduação em Agronomia pela UFRPE/UAST (2011–2015), orientado pelo Prof. Dr. Adriano do Nascimento Simões; Pesquisas sobre regulação hormonal na arquitetura hidráulica de plantas","Hidráulica Vegetal; Proteômica Vegetal; Fisiologia de Plantas Cultivadas"
daniel-coelho,true,Daniel Gomes Coelho,Ex-Membro — Mestre em Fitotecnia,ex-membros,Mestre em Agronomia/Fitotecnia (UFC) — Doutorando em Fisiologia Vegetal (UFV),/images/team/daniel_009.png,http://lattes.cnpq.br/5608593903022091,"Engenheiro Agrônomo pela UFRPE/UAST e Mestre em Fitotecnia pela UFC. Atualmente doutorando em Fisiologia Vegetal pela UFV, com pesquisa em fitorremediação de metais pesados.","Doutorado em andamento em Ciências Agrárias (Fisiologia Vegetal) pela UFV, conceito CAPES 7, bolsista CAPES; Mestrado em Agronomia (Fitotecnia) pela UFC (2016–2018), sobre absorção e acúmulo de íons em sorgo sob estresse salino, bolsista CNPq; Graduação em Agronomia pela UFRPE (2011–2015), orientado pelo Prof. Dr. Adriano do Nascimento Simões; Pesquisa em fitorremediação de metais pesados (arsênio, ferro, manganês, cádmio, chumbo e zinco)","Fitorremediação de Metais Pesados; Fisiologia Vegetal sob Estresse Salino; Nutrição Mineral de Plantas"
janaina-silva,true,Janaina Renata da Silva,Ex-Membro — Mestre em Produção Vegetal,ex-membros,Mestre em Produção Vegetal (UFRPE/UAST),/images/team/janaina_021.png,http://lattes.cnpq.br/7470458458439264,"Bacharela em Ciências Biológicas pela UFRPE, com pesquisa de mestrado em fitotoxicidade de compostos fenólicos em plântulas de alface.","Mestrado em Produção Vegetal (a partir de 2018) na UFRPE, orientado pelo Prof. Dr. Rogério de Aquino Saraiva, bolsista CAPES; Dissertação sobre fitotoxicidade do ácido gálico e pirogalol em plântulas de alface; Graduação em Ciências Biológicas pela UFRPE (2012–2017); Experiência em fisiologia pós-colheita e fisiologia humana aplicada à distribuição de gordura corporal","Fitotoxicidade em Plantas; Fisiologia Pós-Colheita; Ciências Biológicas"
marcos-vieira,true,Dr. Marcos Ribeiro da Silva Vieira,Ex-Membro — Pesquisador Colaborador (Pós-Doutor),ex-membros,Doutor em Agronomia / Horticultura (UNESP) — Professor na UFPA,/images/team/marcos_025.png,http://lattes.cnpq.br/2075433032569005,"Doutor em Agronomia (Horticultura) pela UNESP, com pós-doutorado na UFRPE em Floricultura. Professor na UFPA e colaborador do PPG em Produção Vegetal da UFRPE/UAST, cofundador da Sociedade Científica do Semiárido Brasileiro.","Dois períodos de Pós-Doutorado na UFRPE (2012–2014), com bolsa CAPES, em Floricultura; Doutorado em Agronomia (Horticultura) pela UNESP (2008–2011), sobre bioquímica pós-colheita de estrelítzia, orientado pela Dra. Giuseppina Pace Pereira Lima; Mestrado em Agronomia (Horticultura) pela UNESP (2006–2007), sobre ácido giberélico em crisântemo, bolsista FAPESP; Graduação em Agronomia pela UFERSA (2001–2005); Sócio Fundador da Sociedade Científica do Semiárido Brasileiro (SCSB, 2015) e criador do periódico Amazonian Journal of Plant Research (2017); Atualmente Professor de Magistério Superior na UFPA e colaborador do PPG em Produção Vegetal da UFRPE/UAST","Fisiologia e Bioquímica Pós-Colheita de Flores; Floricultura; Horticultura"